Id,Text
0,Des mensonges Pas vraiment non cest juste que cest les
1,Il faut dire au revoir Ã  tout les plats prÃ©parÃ©s
2,Un trÃ¨s bon restaurant entre TrÃ©guier et LannionLa Ville BlancheprimÃ©
3,Bonjour Pour votre voyage soyons pratique Votre arrivÃ©e en bus
4,Selon moi un manque dargent Le chirurgien fait est payï¿½
5,jetzt wirds aber wirklich erdig heute stell ich euch die
6,Je veux dire tu viens de sortir avec mon meilleur
7,126220 auf pc
8,Yo te pregunto que preferis las apps de andriod o
9,Je vous en prie Stephanie En fait javais du mal
10,Non
11,jaurais tellement aimÃ© avoir une arme Ã  feu
12,Le capitaine Fluellen
13,Y los hombres
14,Merci pour ton soutien jai eu les rÃ©sultats danalyses pour
15,Vu tout ce qua fait Facebook comment expliquestu que les
16,Je ne sais pas Ca a peutÃªtre Ã  voir avec
17,Ty Suza ale dlaczego z nim
18,Was fÃ¼r eine Mail Was soll da drin stehen
19,Niech nie przychodzi Zawsze przynosi tylko zÅ‚e wieÅ›ci Nie lubiÄ™
20,Pas mal pour une ligne Tu suggÃ¨res que Collard choisit
21,jow sollte aufgeben hat kein sinn mehr sehr schade die
22,hallo zusammen Ich hoffe Ihr kÃ¶nnt mir helfen Leider klappt
23,Ja das sehe ich genauso Also ist es doch nicht
24,1 Aunque yo matizarÃ­a lo de mi recomendaciÃ³n serÃ­a que
25,question avait il bu
26,gibran en el ejm de primefaces lo usan con actionListener
27,Cest clair on dit du pain et pas une pine
28,MoÅ¼ni ksiÄ…Å¼Ä™ta Gloster i Buckingham
29,PoÄkaj kÃºsok eÅ¡te kojaaÅ¾ potom sa spustÃ­ vojna
30,Vingt millions Si je gagne ce ne sera mÃªme pas
31,Ok Ross est ce que je peux euh est ce
32,Bonjour Jai eu rÃ©cemment le diagnostique suivant Suspicion de fissuration
33,ya lo edite como la foto si hay data yo
34,also das finde selbst ich grausam gesungen
35,Od roka jedia nase deti to co my
36,Je vais dan le Midi cet automne ou dans la
37,DÃ©jÃ 
38,Par aucun soucis jentendais par lÃ  le fait quil puisse
39,mi vida en un gif
40,Estce que je dis deuxmetaquatremoi ou toometaformoi
41,Gracias casualmente viajo a NYC asÃ­ que si decido comprarla
42,
43,Je ne lavais pas vu ainsi Ã‡a fait sens mais
44,KAZ2Y5Dex Ã§a devrait Ãªtre leur cas vu quon parle des
45,uno Â¿cÃ³mo se llama
46,Wann Ã¤uÃŸert Apple sich dazu Sollte man das System nun
47,Habe letzte Woche versucht auf meinem MacBook Pro OSSierra Update
48,Cest pas si mal apart que les notes de cours
49,le communisme mais avec des iphones
50,3rd by house income 3rd by lowest unemployment rate No
51,jai le poil qui sirise Ã‡a doit Ãªtre joli
52,1 par 1 svp 1 PAR 1 SVP
53,Hier soir jÃ©tais comme un gamin avec ma Mini Super
54,mais plutÃ´t des annÃ©es voire maintenant Ã  une dÃ©cennie Pour
55,Bonjour mariethibaut Pour prÃ©parer votre sÃ©jour Ã  Lieurey voici notre
56,Gracias Tambien me considero Mexicano aveces Dependiendo donde estoy y
57,Äakujem za radu
58,Ich komme nun dazu GnÃ¤digster Herr Das Frauenzimmer das ihn
59,El mÃ©todo harÃ¡ eso por tiResultado Hello worldHello worldSi quieres
60,Iste veÄ je dospelÃ¡ a svojprÃ¡vna A ja poznÃ¡m veÄ¾a
61,le das con enter o te mueves con la flecha
62,DÃ©solÃ© Laura interdit surtout en cette pÃ©riode dincendie
63,Okay dann Ã¶ffne doch mal zb in Safari auf deinem
64,Bah 1528 cest pas si loin Ouassingue QuÃ©saco Ã‡a mâ€™intÃ©resse
65,Si pones la estructura de las tablas que intervendrÃ­an en
66,Jâ€™ai quand mÃªme une question Ã  vous poser
67,Bonne question Je sais pas si on sait Ã§a Les
68,Â¡ah bueno pero otro dÃ­a no hoy
69,Tu nauras pas de diagnostic ici mais ce genre de
70,ento es ellas son las que y aparte se fijan
71,Pas forcÃ©menthttpwwwsudouestfr20101129lesyndromedeliledererevientdanslactualite2525391381php
72,Ein wenig GnÃ¤digster Herr
73,Bei mir war es genauso ein ebook aus der onleihe
74,Por una vida mejor
75,He modificado este error y ahora me sale otro el
76,Queen1697 Va euh Cest bizarre ğŸ˜¯ Ca tu la dis
77,Wow son los mejores tanques estacionarios
78,Sauf que la France dans son histoire a toujours Ã©tÃ©
79,Heu et bien pourquoi ne me donnerais tu pas une
80,Tio Mito Trabajando duro ya veo
81,Faudrait faire une bÃ©dÃ© Absolutely no one can outwit him
82,lustige palmenfisur die der sÃ¤nger da hat
83,vvvv
84,Lucjanie przecieÅ¼ miaÅ‚eÅ›â€¦
85,Tes pas parti du bon pied copain D Faut Ãªtre
86,Une partie de baby
87,Display table et dedans display tablecell VoilÃ 
88,Nous y avaons passÃ© un court sÃ©jour en juin 2011
89,en general Â¿no
90,Lananas chez moi quoique de plus en plus rare
91,Il y a bien des versets trÃ¨s violent dans la
92,Entonces revisa que la direcciÃ³n del endpoint sea correcta y
93,Jak w wojsku
94,Quelques Ã©lÃ©ments ici httpwwwgooglefrurlsatsourcejJ1xnGYaQfzNw httpwwwemconsultecomarticle156133 httpwwworphanetconsorcgibint53035lngFR Sans prÃ©juger du degrÃ©
95,Si tu penses que cest une dÃ©formation dÃ»e Ã  lappui
96,Câ€™est Ã§a votre plan
97,Bah pour quelquun qui va rarement a rimouski vs un
98,Genera trabajo en Uruguay y parcialmente circulaciÃ³n de dinero en
99,Bonsoir Nicolas Je comprends fort bien que tu puisses te
100,ok vdaka
101,Jetzt kopier dir aus obigem Link eine Textzeile raus und
102,Il y a des remÃ¨des correctements Ã©valuÃ©s avec un rapport
103,
104,Câ€™est un maillot de bain
105,Oui Cest quand mÃªme une belle faute de comprÃ©hension histoire
106,Nicht doch Liebe Gib sie heraus Sie brauchen StÃ¤rkung nicht
107,On se calme les filles cÃ©tait de lironie dÃ©sespÃ©rÃ©e de
108,con este y angelici es como que se potencio grondonael
109,Non Jâ€™y vais
110,IrrÃ©aliste en tant quexpat mais je note merci
111,Elle te plaÃ®t vraiment
112,Charles
113,GrÃ¤fin â€“ GrÃ¤fin â€“ sind Sie ganz von Sinnen
114,Nel como que su hija no tiene el derrier de
115,Y aquÃ­ en el instituto Â¿quÃ© asignaturas te gustan mÃ¡s
116,Åšwietnie WiÄ™c Pan D ma kochankÄ™â€¦ powiedzmy PaniÄ… C I
117,Et concernant larticle
118,si exactamente eso es lo que quiero realizar
119,Oh oui cest ca
120,Cher PlannerHaolicMerci pour votre email et aussi pour les conseils
121,Câ€™est la pleine saison
122,Pro en avant de mes de mÃ©so au milieu rhomb
123,Joya de disco Legend de Bob Marley ediciÃ³n limitada con
124,Sauf qu ils sont potes Aussi le reste de ton
125,Non Ross on dÃ©teste pas Emily Câ€™est juste quâ€™on trouve
126,Na Warum denn
127,Ya pas de rÃ©ponse dÃ©finitive Ã§a dÃ©pend des jeuxLa plupart
128,Habe alles gecheckt Daten passen
129,Hola ferferduarteÃ‚Â¿QuÃƒÂ© modelo de iPhone es y con quÃƒÂ© versiÃƒÂ³n
130,Zabieram ciÄ™ na prÃ³bÄ™ generalnÄ…
131,Co si myslite o tejto skole ma perspektÃ­vu to ist
132,creo que deberias colocar donde sacastes esta informacion
133,gastou89 handiseniors56 castilloruizfe1 Sonia29739 ffrancepack FXavierdA RacheleL2 njee26 AlexiDelobâ€¦ httpstco1P5s8Ujt69
134,Warum will sie nicht einsteigen Oder lÃ¤sst man sie nicht
135,bienvenu SCIROCCO pour cette bonne nouvelle tu etait a 43DPO
136,Tu tâ€™en souviendrais croismoiâ€¦ Tiens la voilÃ  justementâ€¦
137,es es asÃ­ asÃ­ y asÃ­ Â¿no tiene abajo salÃ³n
138,Ã‰mission denculÃ©s est mal choisis pour dÃ©fendre tes propos
139,PreÄo zakladÃ¡Å¡ duplicitnÃ© tÃ©my
140,AprÃ¨s pour me rassurer je me dis que ce nest
141,Bonsoir Si vous avez besoin de renseignements concernant les hÃ©bergements
142,michelle rodriguezÃ‚ Vencer en q si nunca diste un argumento
143,Donjour j espÃ¨re que tous va bien dabord je mexcuse
144,En tous les cas Ã  Mimizan pas de corridas viens
145,Ã§a prend du tempsOui donc dhabitude cest pour Ã§a que
146,Habe hier das selbe Problem auf meinem 6 Plus Von
147,MET Y UN DOIGT DANS LE CUL Rï¿½F SOUTH PARK
148,dÃ©solÃ©e je navais pas compris quil sagissait des nerfs du
149,Il y a erreur sur ce qui a Ã©tÃ© majoritairement
150,Ake mate skusenosti s touto doktorkou
151,veinticuatro de julio de mil novecientos cuarenta y seis
152,Il faut Ãªtre conscient du dÃ©gÃ¢t que ce genre de
153,Pas seulement du downvote il y a quelques annÃ©es jai
154,Oder in Gold
155,Ja som mala diagnostikovanu panicku poruchukym sa prislo na to
156,bienvenue sur le sub
157,Toi je vais tapprendre un truc sur les arrondis au
158,On est daccord que dans un rÃ©fÃ©rentiel terrestre considÃ©rÃ© comme
159,Â« Mais comment estce que vous avez fait pour faire
160,no habia en chocolate negro ese glaseado blanco es horrible
161,khadijazds Celui dâ€™mon mec
162,Queen1697 Pourquoi ğŸ˜¯ tu sais queestce soir Le prime donc
163,Bonjour Lors dune hÃ©morragie on a une hypovolÃ©mie et donc
164,Komm hervor sag ich es ist eine andre Arbeit fÃ¼r
165,dakujem uz to mam aj potvrdene od lekarky taky maly
166,JeanMesut PronosFastoches mexique primeira ou un truc du genre
167,Das Update wird nicht in allen LÃ¤ndern zugleich angeboten sonst
168,ahoj zail ja mam taky isti problem
169,Je serai dans le coin normalement
170,PamelaChougne bravo et un doigt qui gratterait sur le mÃªme
171,no y este muy bonito tambiÃ©n Â¿no todavÃ­a estaban los
172,Sï¿½rieusement je vois ï¿½a les articles perdent en crï¿½dibilitï¿½
173,dnfrancois steffifismind VEEEKING Kaannais guitog Cest bien sÃ»r hypothÃ©tique mais
174,Queen1697 On fait quoi maintenant ğŸ˜™ğŸ˜™ğŸ˜™ httpstcorF0Fu0IlTB
175,Yep il a aussi dÃ©jÃ  dit une ou deux fois
176,muy bien si funciono
177,Ok kann gerade nicht sagen warum die Liste so lang
178,serenel14278447 TuTulsa Lechatgriffefi Lapinou1841 dom4551 Sylv33 mijeane4 oui hahaha merci
179,Ya sea en plan familiar o individual creo que los
180,Dison quelle est bornÃ©e jai posÃ© la question elle mas
181,Thank you Orc for voting on youtubefactsbot This bot wants
182,chrisFanzouze75 Pas faux ğŸ˜¯ğŸ˜ Mais ne tinquiÃ¨te pas on leur
183,Merci Oui et non parce quen fait je tombe enceinte
184,Je te comprends moi non plus de temps en temps
185,chrisFanzouze75 Cest juste que je fais des rÃªves bizarres et
186,And my bowl
187,Also torn panties is more funny
188,agrega solo un cronjob y PHP te encargas de hacer
189,ok merci beaucoup
190,salut je reformuler ta question est ce quun malade dialysÃ©
191,Bassanio schenkte seinen Ring dem Richter Der darum bat und
192,claro
193,Ah ok alors tu as tu en voir de la
194,Yep un moment jai hÃ©sitÃ© Ã  commencer dans Star Wars
195,Gebt ihm nach Geht
196,Buenas es un spam para que accedas fraudulentamente a algun
197,A moins que vous ne tombiez sur
198,asÃ­ es pero espero hacerlo es el prÃ³ximo mes no
199,Me pregunto cuÃ¡ntas de esas personas recibieron sus tÃ­tulos en
200,bonjourle seul parc que je connaisse est ds larriÃ¨re pays
201,Je pense quil sest mis avec toi en comptant sur
202,MaÃ±ana me paso capo
203,sÃ­ oye huevÃ³n
204,I love the drag racing photo
205,Bon allez on retourne au boulot hein Mick
206,Quelle plaque
207,Jetzt bin ich unzufrieden
208,Si pongo cÃ³digo Â¿que parte del cÃ³digo no son precisamente
209,Jai dÃ©jÃ  toutes ses coordonnÃ©es cest pour Ã§a je sais
210,Les final fantasy
211,Surtout pas Destiny
212,dobre rozhodnutie aj ked moja Sofinka ma len postielku a
213,PodÄ¾a mna je to blbosÅ¥ skÃºÅ¡ala som to lebo som
214,Autrement dit passÃ© la levÃ©e de fond cest linverseTraduction Une
215,Tordu je suis daccord Lanalyse de la goutte au nez
216,Tak tak mogÄ™ dodaÄ‡ tylko najsuchszy botaniczny opis tytoniu
217,Je suis prÃªt Ã  parier quil sera rÃ©Ã©lu en 2020
218,et bien tu auras Ã  lavenir Ã  mon avis une
219,
220,chrisFanzouze75 Tant mieux si Ã§a va mieux ma chÃ©rie ğŸ˜ğŸ˜™
221,Buenas siento decirte que no puedes instalar aplicaciones en el
222,Mejor precio no mayor precio quise poner
223,Ooh le jeu Madlibs Je le prend le prend
224,Je Je Je ne sais pas si ca tombe dans
225,Il ne faut pas que Ã§a vous coupe lâ€™appÃ©tit non
226,Sorry hab den falschen Link erwischt Hier der richtige httpssupportapplecomdedeht202667httpssupportapplecomdedeht202667
227,El agua moja
228,Nice try Parigo au Quebec aussi cest dï¿½posï¿½ peut etre
229,Jai le final fantasy XIII mais je ne le trouve
230,Euh Rachel je parlais avec cet homme Ã  lâ€™instant et
231,AlexiDelob smashy321 DanielPilotte bochart leligure GiseleJppiete moifp handiseniors56 Garance60â€¦ httpstco9ODKGKiXcC
232,Vielleicht hat Hamed einfach seine Mama vermisst und als Vorwand
233,httpsmediagiphycommediaSmGLzevndqQX6giphygif
234,Oui cest Ã©trange Pareil ca et laccouchement si je pouvais
235,Damit sie Dich mit Eiern und Tomaten bewerfen
236,Oui Du coup vous allez passer GDF Dolce Vita cest
237,bonjour je ne suis pas daccord avec la personne qui
238,Ca fait environ un IMC de 225 donc au milieu
239,Womit du sicherlich Recht hast Aber der heutige Mensch kann
240,sorry javais vue le bb c pour Ã§a oui c
241,Tak Ale oni majÄ… siÅ‚Ä™ potÄ™gÄ™ pieniÄ…dze a my Nam
242,Jeden z pociskiem drugi Å›lepy Åšlepy siÄ™ nie liczy
243,de la mÃªme maniÃ¨re que je pense que Trump est
244,Vrai Cest toujours un plaisir de tourner en dï¿½rision une
245,â€” TrÃ¨scertainement de la mÃªme mÃ¨re puissant roi â€” câ€™est
246,ist auch krass im rialto becher geschichtet Galliano Creme de
247,Bonjour dÃ©solÃ© mais cest interdit wwwplageslandesinfoconseilsphpâ€¦
248,a partir de combien de jeu considerez vous une franchise
249,Comment rendre un meetup attractif en une phrase
250,so antreten zum Slalom der Sturz von Lanning zum GlÃ¼ck
251,Hallo kathodedanke dass du dich mit deiner Anfrage an die
252,Regarde Only If
253,Â»Der wird gleich gesundÂ«
254,Câ€™est dâ€™ailleurs Ã§a qui a attirÃ© notre attention au dÃ©part
255,Przyjmijcie wiÄ™c z spokojem nasz podarek
256,Danke fÃ¼r die schnelle Antwort es war die iCloud Fotomediathek
257,Premiï¿½re rï¿½action Ooh New toy Aprï¿½s 15 minutes
258,Si no es entrometerme De que trabajas No se si
259,She was like 30 dark hair attractive
260,Appelez la SNCF ou consultez leur site tout simplement wwwvoyagessncfcom
261,Urcite na zaÄiatku kondiÄnÃ© jazdy Predsa lepÅ¡ie s inÅ¡truktorom z
262,quell est les maladies du a un fluor et quell
263,Le modï¿½le Netflix se meurt tranquillement par la multiplication des
264,Ich hab bei Ebay ein defektes 128 GB Ipad Air
265,Bonjour Estce que quelquun saurait sil y a une gare
266,Äakujem skoÄÃ­m tam osobne
267,Ã§a cest vrai MÃªme si je touche a tout bon
268,Cest parce que tes coupÃ© du monde et que tu
269,Hola disculpa si exactamente es por consola y el motor
270,Je comprends pour ma part je ne fais jamais de
271,La labor de los medios no es criticar Es informar
272,El conductor frena todos se caen dos niÃƒÂ±os se golpean
273,Supputer
274,ja som k nemu chodila ked som bola na vyske
275,ya
276,Effectivement ce parking na de prestige que le nomLeur publicitÃ©
277,NikkiGeser httpswwwibmcom
278,Queen1697 Salut eno ğŸ˜ comment tu vas ğŸ˜ httpstcoooyKt66yKI
279,Lo mejor es que hay una marca de lencerÃ­a en
280,Pas que pour la blague une institutrice ma racontÃ© quune
281,la France place officiellement la Corse et lâ€™islamisme radical au
282,lutter contre le sexisme et le patriarcat oui mais seulement
283,Le 26 avril 2016 Ã  123141 DemianVonPrios a Ã©crit Je
284,preto som aj reagovala ze ty mas tie tlaky v
285,bonjourdonc si il est Ã©teint il Ã©met pas dondes
286,Tu peux y arriver
287,Ja konnte ihn doch nicht gleich so benennen dann wÃ¤re
288,Le mÃ©tabolisme de base ou mÃ©tabolisme basal est la quantitÃ©
289,Je vous aime trop ma petite teamğŸ˜€ğŸ˜€â¤â¤â¤jespere vous voir tous
290,ya se estÃ¡ sintiendo el aire
291,Viel zu dÃ¼nn
292,Da mÃ¼sstest du mal die Anleitung des Flexound lesen Dieser
293,SeptiÃ¨me sans ascenseur Il avait raison câ€™est une tragÃ©dieâ€¦
294,Heille si je restais dans un appart et que je
295,URL
296,Â¿Me puede platicar mÃ¡s de la guerra
297,Das ist nicht das Problem Bei anderen Benutzern auf dem
298,
299,Merci
300,Jâ€™avais quand mÃªme le statut dâ€™intermittente du spectacle
301,Ja som bola v 2011 v Ke na sÃºkromnej klinike
302,Un password es algo que sabes un id biomÃ©trico es
303,HÃ© oui FabriquÃ© exprÃ¨s pour Val Kilmer et portÃ© par
304,Et je vous rÃ©torque celleci Il faut donner au diable
305,Â¿no te acuerdas en quÃ© fecha
306,Dis donc Alban en parlant de poils dursâ€¦ Tu pourrais
307,El metano no explica por que dejan de funcionar hasta
308,AcÃ¡ somos todos Argentina
309,Bonjour a tous Je voudrais que vous mÃ©clairer je dÃ©sire
310,Re je reviens des urgences on ma dit que jai
311,Al tratarse de un servidor QNAP no dispongo del comando
312,25 Techolares
313,Je pense que hÃ©las sans les ratios le contenu ne
314,La dÃ©cision dans une telle situation appartient toujours au propriÃ©taire
315,Entre 77 et 91 jours pour nous si nous arrivons
316,Exactement la mÃªme chose et jai fini proche de Hamon
317,Tu caÅ‚y sÄ™k miÅ‚y kuzynie
318,Non je ne veux pas le dire Ã  quelquâ€™un dâ€™autre
319,Bonjour Nous partons 7 jours je pense faire la visite
320,VoilÃ  une rÃ©flexion que jai faite sur ce forum il
321,Die Post also ist noch nicht da
322,ajÃ¡
323,Que sâ€™estil passÃ©
324,posta q te mandaste un juego re simple pero de
325,CelÃ  dit un bouton mÃ©tallique na jamais tuÃ© personne lors
326,I think we need to let them know A lot
327,Entre renta impuestos y seguros se te va el 50
328,les spermatozoÃ¯des peuvent pas se bouger dans un milieu visqueux
329,LincompÃ©tence de ces journalistes est sidÃ©rante
330,urcite ist k drpre istotuNo naprmoja sa tiez jednu dobu
331,Wohin
332,Effectivement jentends bien lidÃ©e que je dois diminuer les glucides
333,Hum maintenant Phoebs
334,Le 12 avril 2015 Ã  134506 DemianVonPrios a Ã©crit Je
335,Vela veci v tomto state sa deje protizakonne a hlavne
336,scoobert ah daccord je vois
337,Salut Deski merci pour ta rÃ©ponse malheureusement cela nas pas
338,Ya beaucoup de lurker sur rfrance en veritÃ©
339,Davon war auch nicht auszugehen Vielleicht bekommt der JustizGutachter auch
340,u koho si bola na UTZ Objednaj sa u Holana
341,jupÃ© le babouin va revenir
342,Result es una variable de TListaSumable declarada en var
343,Was will das sagen
344,Je suppose que la rÃ©ponse est le 50 Hz suffit
345,Ahuevo y que de paso construyan la CDMX3
346,Je nâ€™ai pas pris mon passeport Je ne pensais pas
347,Bonjour Depuis quelques temps dÃ©jÃ  ma Nintendo 3DS a rendu
348,Nun sage was willst du
349,El metano no explica por que dejan de funcionar hasta
350,Je prÃ©fÃ¨re dautres sites Jassume
351,Ouaw le downvotage je suis le seul Ã  penser que
352,Pour le reste cest Little Big Planet 2 Metro the
353,Dans ce cas en te mettant Ã  la place dun
354,Le terme scientifique est filsdeputerie Ã‡a vient du grec je
355,A my chcieliÅ›my iÅ›Ä‡ do filharmonii ale nie byliÅ›my
356,Wiesz czego ja nigdy w Å¼yciu nie zapomnÄ™ PamiÄ™tasz jak
357,TrumanBFlanders MariaVANL Joke1959 GabyHemeryck Limburgs httpstcomjYnvnzK9D
358,Et allez immigrÃ©s terrorisme blabla Tas autre chose en magasin
359,Elle Ã©tait la femme la plus riche du mondeElle na
360,Estas complicado fibertel es de lo mejorcito que hay para
361,Ahoj mÃ¡m to iste viem ako ti je trpÃ­m uÅ¾
362,
363,Jak i nikogo z tych co tu obecni PrzekleÅ„stwa bowiem
364,2 centimetros por aÃƒÂ±oes decir dentro de 10 aÃƒÂ±os tendra
365,Bonjour Ã  tous Jai rencontrÃ© dans un vieux registre dentrÃ©e
366,Si y en algunas parejas jÃƒÂ³venes el chico usa frases
367,Pas de soucis Je pensais que Ã§a aurait pu Ãªtre
368,Il y aurait plus de femmes que dhommes je pense
369,Wer muÃŸ selbst mit mir sprechen Wen seh ich Ist
370,Quoi
371,AprÃ¨s je viens de voir quapparemment tu es que sur
372,Dans ces deux jeux ma camÃ©ra fixe le cul de
373,Ah Ã§a doit Ãªtre typiquement anglais parce que jai jamais
374,Katrin ist aus dem urlaub zurÃ¼ck und hat kurz Stellung
375,Hola SonsinaSegÃƒÂºn tu configuraciÃƒÂ³n del teclado que entiendo que la
376,Effectivement aucune trace dans mon Lexis Cest donc sans doute
377,Uhm yo pensÃ© que para ahorita ya tendrÃ­a hijos pero
378,Jose a peine te conseiller Hatoful Boyfriend mais sinon SMT
379,Niestety mam dla pana bardzo zÅ‚e wiadomoÅ›ci Pacjentka nie ma
380,Dessiner cest apprendre 2 fois voilÃ  ce que disait mon
381,Sur les concerts ya une correlation assez nette entre origine
382,Spi Sceledrus
383,H1Z1 mais encore en dÃ©veloppement
384,Rooodriigo es tu vision en las elecciones no llegas al
385,genial no sabia de textContent lo voy a intentar muchas
386,
387,Un
388,Totalmente de acuerdo hay que estar preparados Lamentablemente si estÃƒÂ¡s
389,GiseleJppiete RacheleL2 AlexiDelob dderivery smashy321 DanielPilotte leligure moifp handiseniors56â€¦ httpstcodkrJgc3egf
390,Äakujem tio akÃ½ cvik ide konkrÃ©tnemÃ´Å¾eÅ¡ popÃ­saÅ¥ aspoÅˆ
391,I dont understand people posting stuff like this are you
392,Câ€™estÃ dire queâ€¦ Je comptais un peu sur vous pour essayer
393,A prÃ©ciser pour la crÃ©atrice du topic La mÃ©decine lÃ©gale
394,NiechÅ¼e ci za to Pan BÃ³g bÅ‚ogosÅ‚awi
395,Ne vois pas de troll ou de provocation dans ma
396,Hello les filles Perso je ne lÃ¢cherais cette fois ci
397,Ã‡a valait le coup dâ€™essayer
398,Por favor no descargues todo tu programa para que alguien
399,Jarrive dun sÃ©jour dune semaine en Italie et je confirme
400,A ce bouchon faisons la guerre httpswwwyoutubecomwatchvrxlwCTOuTSs
401,Se armo el juntadero de negros de boca lpm
402,Câ€™est pour faire une soupe ou des carottes rÃ¢pÃ©es
403,
404,Teraz niech pan weÅºmie piÃ³ro i pisze kwit
405,Tu as vu le modul FPS de SC Ouais enfin
406,To nie tak jak mama myÅ›li
407,Le rapport cest la volontÃ© de contrÃ´le sur des entitÃ©s
408,Moi jopte pour des petites baskets en toile de la
409,Nioh y a les kodama Ã  trouver cachÃ©s dans les
410,Heh je vive en Anvers la seule Wallon que je
411,Il voit quelquâ€™un Je nâ€™ arrive pas Ã  y croire
412,Yo me uno a este agradecimiento y te ofrezco disculpas
413,Ã§a ma pris 5h15 alors que les panneaux en bas
414,Â¿El dÃ­a de los muertos No Â¿Los santos SÃ­ okay
415,Buenas para poder cambiar el pais necesitas gastar previamente el
416,Pas mal jai prï¿½fï¿½rï¿½ la Simcoe DIPA de lan passï¿½
417,DeberÃ­as agregar imÃ¡genes o el cÃ³digo para entender que intentas
418,Jâ€™ai dÃ©cidÃ© de ne pas signer
419,coucou Je ne pense pas que pour une fois pour
420,Moja mÃ¡ 4 mesiace a este nikdy nevypila viac ako
421,Radu ti dat neviemmusis nato asi vyzriet a nabrat sebavedomie
422,bola si tam osobne BazÃ©n stravaÄakujem
423,dommage jai eu 18 ans hier
424,estaba muy descuidado ya ten tenÃ­a tiempo lue de repente
425,SerÃ­a bueno que aclararas si tiene importancia el orden del
426,Mit der Auswahl wÃ¤re ich auch sehr zufrieden Kleine Frage
427,Queen1697 je vais pas pleure mon chÃ©ri ğŸ˜ğŸ˜™ httpstcoQZrwJR9UUC
428,votre bouche est pleine de douceur et dâ€™humilitÃ© vous Ã©talez
429,El bus estÃƒÂ¡ llegando llega ÃƒÂ©l se va con la
430,Zrobisz chÅ‚opie karierÄ™
431,Quand je veux partir il me retient Moi pour ma
432,chcela by som sa spÃ½taÅ¥ akÃ½ nÃ¡zor mÃ¡te na dovolenku
433,JusDeBananes bouge de la jss pas ton pote
434,Bonjour je part avec mon ami en camping au domaine
435,Les deux formations sont peu comparables en faite Les Ã©tudes
436,AquÃ­ puede ver como hacer diferentes figuras con CSS Y
437,SÃ­
438,Alguna vez me dijeron que en los antros ponen a
439,Goose10 SAMBANINHO35 PTDRR ca se voit tu fais chier tt
440,HalloÃ¶ffne auf deinem iPhone oder iPad die EinstellungenKlicke dann oben
441,Cest clair que cest sur reddit quil faut venir quand
442,sos joda amigo
443,Ok trotzdem danke schÃ¶n fÃ¼r deine MÃ¼he SchÃ¶nen Abend noch
444,Vous avec vos quarante cinq ans de cotisation obligatoire vous
445,Domanie powiedz mi proszÄ™ Tylko szczerze czy ty mnie kochasz
446,i thought the 20 is monopoly money
447,Ã‚Â¿Seguro que no Tu preocupate por ayudar tu Ã‚Â¿Que te
448,chivalry medieval warfare assez bourrin et dÃ©fouloir tout dÃ©pend de
449,Padre Puedo tener ese radio EstÃƒÂ¡ bien El radio Hurra
450,DAO est un trÃ¨s bon choix effectivement jeu bioware comme
451,Ah oui bien sÃ»râ€¦
452,quÃƒÂ© copada mi primer foto
453,Oye no sabÃƒÂ­a que Sefarad era el nombre que le
454,YouTubeâ„¢ Video TUTO Comment filmer son Ã©cran de pc avec
455,Hallo Lotharich habe die Anzeige auf meinem iPhone Ã¼berhaupt nicht
456,Ich konnte auf meinem iMac kein Album teilen Das erstellen
457,ben voilÃ  Ã  toi de dÃ©cider maintenant
458,Queen1697 salut Cyrillou ğŸ˜ comment tu vas ğŸ˜ httpstcodlZ13DbDBj
459,para que esforzarse si podes contratar a la mafia de
460,Ailleurs il y en a qui en rï¿½vent et chez
461,Â¿CÃ³mo te recordarÃ¡n tus compaÃ±eros de Socorro
462,Ich wollte eine App Downloaden und der SMS BestÃ¤tigungscode wird
463,Fair enough mais publier la plainte sur FB avait pour
464,siempre que veo a alguien postear en este foro en
465,LA VERDAD NO PUEDE SER IGNORADA
466,â€” Ce scÃ©lÃ©rat dâ€™Hubert mâ€™avait dit quâ€™il vivait
467,Nie przesadzaj po co
468,Non mais sont sympas mÃªme si ils commencent Ã  ma
469,Nice pic I used to volunteer at one in guatemala
470,Me temo que esto es lo que la gente no
471,I love that sub Pretty amazing designs all the time
472,Bien sÃ»r
473,MÃªme ressenti face Ã  la vidÃ©o si ce nest que
474,La estoy utilizando desde hace mucho tiempo y el plugin
475,Non pas spÃ©cialement haha
476,Tener en cuenta que en caso de haber relacion por
477,Entonces el ÃƒÂºnico problema es no actualizar SO desde cuando
478,Noch eine ErgÃ¤nzung Der Kommandozeilenbefehl diskutil zeigt folgendes andevdisk2 external
479,Buenos dÃ­as estoy desarrollando una webapp PÃ¡gina web que se
480,Bonjour Pierre Tu devrais regarder cette page tripadvisorfrRestaurantsg1934712Girondeâ€¦ il y
481,PUTUS
482,Câ€™est parfait Je crois que jâ€™ai posÃ© toutes mes questions
483,Allons nous balader dans un quartier chaud
484,tu as fais une PDS aussi
485,no evidente con de la escuela evidente con ninguno o
486,asi to nieje ani jemu pfijemne ak bolo predtym vsetko
487,Samson hat seine Locken gelassennun ist die Manneskraft dahin
488,bjr a tousravi de voir que certains sinteressent a ce
489,Pas de soucis Tant quÃ  faire prend la filaire se
490,Danke schÃ¶n u werde ich machen
491,Quand ton mari est dans la politique de premier plan
492,y el sabor Â¿no
493,Ã‡a ne nous dit pas toujours oÃ¹ elle est passÃ©eâ€¦
494,Ben non parce que Ã§a nest plus du street art
495,solo en ese auto entrarÃ­a mi ego
496,certain lÃ©galitÃ© de rÃ©sultats cf Elen Pao qui Ã  ban
497,mi hermano el mayor muriÃ³ despuÃ©s de la guerra Ã©l
498,Ils ont aussi des employÃ©s qui passent le balais et
499,Thats what you get for living in Greenfield Park
500,El cÃ³digo que estÃ¡ en mi respuesta detecta CTRLC Comprobado
501,Doisje faire un cours sur la douleur idem Simple test
502,05 Jesse 04 Fabienne 03 Daniele 02 Luca 01 Joey
503,HÃ©rÃ©tique
504,DotÄ…d istnieje Trzeba by ich kiedyÅ› sprowadziÄ‡ do nas urzÄ…dziÄ‡
505,Ev kommt der Fehler auch weil keine Internetverbindung vorhanden ist
506,SkÄ…d ja ci wezmÄ™ drzewo Å¼ywiczne w tym bloku Tutaj
507,Bonjour Quelquun peut me dire exactement oÃ¹ je peux faire
508,Buenas te dejo unos enlaces proporcionados por Apple a ver
509,Enfaite comme chque forum comme le forum playstation 3 ou
510,vielen Dank fuer die Hinweise Habe alles so ausgefuehrt aber
511,Tu met le pied dans un engrenage politico judiciaire sans
512,Hallo Marcohildekannst du denn die Einstellungen fÃ¼r Facetime nicht Ã¤ndern
513,Creo que la Clase Item de debe contener un Map
514,Câ€™est Ã§a Vous vous souvenez
515,no to teda cumim ja by som ich za to
516,Il dit il dit certes mais on en dit tous
517,Ã€ Delphine et Ã  moi
518,Du cotÃ© de ma famille cest facile soit on minforme
519,KÅ‚aniam siÄ™ najuprzejmiej Pan SzmaciÅ„ski prosiÅ‚ Å¼eby Pan do niego
520,chrisFanzouze75 Tu sais AurÃ©lie des fois il vaut mieux se
521,los de brasil y quiÃ©nes mÃ¡s
522,httpwwwmodrykonikskforumdoautastrankasafetybrit
523,Kde to zijeteaj nase labaky tak super pracuju resp maju
524,Pardonnez moi le language mais les banques nont pas attendus
525,Vous nâ€™allez pas fermer au moins
526,Hola Victor Javier Alcocer LobatoÃ‚ Para que en los dispositivos
527,Ce nest pas ce quon enseigne Ã  la fac despionnage
528,presne to tvrde co si citila tu hrcku na jednej
529,Gauntlet httpstoresteampoweredcomapp258970 remake httpwwwcooptimuscom imagesuploadimagerev iewsGauntletGauntlet1985jpg version originale
530,Comme si ils connaissaient quelque chose ï¿½ cette question
531,Je suis trÃ¨s touchÃ© merci
532,Oui bon Ã§a vaâ€¦ Elle nâ€™est pas non plusâ€¦
533,URL
534,HolaÃ‚ Abre ajustes Siri desactiva la opciÃƒÂ³n que permite a
535,Es ist wahr Henriette weiÃŸ sich frei und witzig auszudrÃ¼cken
536,Cest faux Et te voir insister le contraire ne va
537,Bonjour Jai aussi eu beaucoup davis nÃ©gatifs quant aux parkings
538,Bonjour routedesvoyages Merci de venir partager ton expÃ©rience de sÃ©jour
539,no ja neviem ale ja som mala takÃ©to prÃ­znaky pri
540,podria der deforme y no redonda con tu lÃƒÂ³gica tambien
541,La pile et pas morte jai pu recommencer et resauvegarder
542,Oui on peut toujours trouver tout un tas dexcuses et
543,Queen1697 C bah dÃ©merde toi cest ton fils ğŸ˜‚ G
544,Kein iOS 11 Hallo Bis heute wurde auf meinem Ipad
545,Pues es la realidad si hubiera demanda para verlas subtituladas
546,Antes de las leyes secas los fines de semana eran
547,chrisFanzouze75 Il faut aller voir les enfants ğŸ˜¯ httpstco5TfI8EQWIG
548,El problema es el mÃ©todo utilizado no el sÃ­mbolo
549,Prends mon hautvote et fuis avant que je ne change
550,FrÃ¨re John Bates nâ€™estce pas lâ€™aube que je vois poindre
551,PlaÃ®til
552,
553,ja die pressekonferenz kommt gleich sie mussten auf den innenminister
554,borraron el post que estaba primero con este tema
555,je ne supporte plus participer Ã  ce massacre sur les
556,si esta mierda es linda
557,Resetten httppraxistippschipdeapplewatchaufwerkseinstellungzuruecksetzensogeh ts40734httppraxistippschipdeapplewatchaufwerkseinstellungzuruecksetzensogeh ts40734
558,kamosky maju pravdu a prsia mozu narast ci ovisnut aj
559,Milord ce nâ€™est rien
560,Il sort
561,Oui Ã©trange cette conversation avec son soit disant petit ami
562,Tout Ã  fait daccord A recommander sans souci Philippe Calvados
563,meinen hp 970 Cxi mÃ¶chte ich nicht missen druckt seit
564,Jai oubliÃ© de tÃ©crire ceci tu naimes pas la maman
565,Hallo Arkidalus hast du schon eine positive Erfahrung mit der
566,Hi Berlindude vielen Dank fÃ¼r Deine Antwort Stimmt im 1
567,Ecoutez Ã§a Je suis sorti avec une fille hier soir
568,Magst das mal bitte testenhttpstelekomhilfttelekomdet5SonstigesSpeedportW724VsendetkeineEMail smitderEndungicloudcomtdp434159httpstelekomhilfttelekomdet5SonstigesSpeedportW724VsendetkeineEMail smitderEndungicloudcomtdp434159
569,Bonjour Nous prÃ©voyons arriver et repartir de Bordeaux par air
570,Vas a hablar del ejemplo premiorecompensa sobre la caricia y
571,aucune mention de mon combat contre les femmes qui veulent
572,Pourquoi aujourdâ€™hui spÃ©cialement
573,Katrin wird nicht bei Nu Pagadi einsteigen wie man heute
574,Ha ha parfait
575,et si cest un ganglion axillaire cest grave PS jai
576,up
577,Waou Supergounou merci pour tous tes conseils Cela me plaÃ®t
578,Â¡ah bueno para ti no pero pos lo lo usao
579,Â¿Ah quÃ© trabajo Tengo que hacer cobranzas este de cuentas
580,Il a la couleur de la muscade
581,en San NicolÃ¡s sÃ­
582,Mozem sa spytat ze kde v chorvstsku ste mali malo
583,Au moins si les universitï¿½s perdent leurs livres elles auront
584,Bonjour Nicolas et bienvenue sur les forums de Tripadvisor Je
585,
586,seguro que se puede desglosar el mÃ©todo en funciones mÃ¡s
587,Que verga
588,DziÄ™kujÄ™ mamo
589,Ya que esta esto pregunto y para jugar Paddle en
590,Oui bonsoir
591,Das lÃ¤ÃŸt sich hÃ¶ren
592,Je pense que cela depend sur leur origine Je trouve
593,Ist es wahr daÃŸ der Prinz heute morgen Emilien in
594,EÅ¡te posielam obrazok ako urobiÅ¥ tu dvojitÃº rybÃ¡rsku spojku SnÃ¡Ä
595,Tu sais ce quon dit des modos faut pas croire
596,El pan un buen queso y alguna salsa picante
597,Just spent the month of June there on a study
598,MamiÄky ktorÃ© mÃ¡te tieto autosedaÄky ste spokojnÃ© odporÃºÄate Potrebovala by
599,Wou yeah httpwwwgameblogfrne ws68205tennisworldtourlesuccesseu rspiritueldetopspin4anno
600,MylÄ™ siÄ™ przebiÅ‚eÅ› mu boki
601,en voilÃ  un qui a su vous amadouer
602,Wurde schon ein erzwungener Neustart durchgefÃ¼hrtDazu die Home und die
603,Oh salut Chandler Câ€™est Phoebe Euh je sais que Monica
604,Banir la double nationalitÃ© pour un selon toi
605,Exactement pareil avec la secte MÃ©lenchon DÃ¨s quune vidÃ©o critique
606,En effet une pds trop tÃ´t montre des chiffres bas
607,Si cierto vi la nota y la piba relatando todo
608,Je perds du gras et aussi des neurones au passage
609,I love it Cant eat fried rice without wishing I
610,Si deux personnes sembrassent celle avec une hÃ©patite B et
611,pero bueno Madrid pues tiene otras cosas que
612,Ecoute je suis en pleine conversation lÃ  Tu es tu
613,Con ese pensamiento tambien nosotros ganamos la guerra Y nos
614,Je sais pas si les flics Franï¿½ais sont si diffï¿½rents
615,Je demande une commission denquï¿½te
616,Lo que preguntas es como recoger el valor del input
617,Le Nord au bord de la rÃ©volution comme Ã  chaque
618,lo q suena ese lexus lfa Parece un f1
619,Le rÃ©cent Stardew Valley peutÃªtre
620,Ah On me fait signe que non
621,Bei meiner Ehre nein bei meiner Seele Kein Weib bekam
622,iZyNoX Oh le bagnard ğŸ˜‚ğŸ˜‚
623,Recuerda que si creas artÃƒÂ­culos de calidad ganarÃƒÂ¡s mÃƒÂ¡s puntos
624,disons que mon conjoint lui nadhÃ¨re pas Ã  ce prÃ©nom
625,jai foirÃ© mon bingo D
626,Câ€™est un scandale Comment avezvous pu Et votre mari qui
627,Non dÃ©solÃ©e mais le weekend nâ€™est pas fini
628,salut cest peut etre du Ã  une fausse route
629,Une LLC leucÃ©mie lymphoide chronique est une prolifÃ©ration maligne sanguine
630,Wenn die jetzt Evanescence singt
631,MoimÃªme je prends le RER mais jamÃ¨ne moins de baggage
632,Le vrai nom de David Guetta David GuettaAh bah pas
633,On embauche sans arrÃªt On peut se concentrer
634,Ich versichere daÃŸ ich seiner nicht bin
635,Bonjour Sylviane et bienvenue sur les forums de Tripadvisor Merci
636,Ouais yï¿½tait cool dans le temps
637,Vous Ãªtes ici sur le forum mÃ©decinesantÃ© Votre question na
638,si yo por eso le recomendÃƒÂ© un sedan midsize
639,Wobei mir auffÃ¤llt ich hab auch keine Gardineneigentlich Ich sollte
640,Je savais quâ€™il ne pouvait pas rester avec une femme
641,Bonjour Delphine et bienvenue sur les forums de Tripadvisor Pour
642,Je mâ€™appelle Gail
643,Merci pour la rÃ©ponse Dans le cas ou on serait
644,Antonio alter Shylock tretet vor
645,Le fait que tu sois prÃ©sente aux rendezvous avec son
646,Et toi t es un vilain perroquet
647,PremÂ´s
648,Je viens de prendre le premier ce matin jaimerai avoir
649,MamÅ¼e pÃ³jÅ›Ä‡ skÅ‚oniÄ‡ cÃ³rkÄ™ do twych Å¼yczeÅ„
650,no tak neviem Äi kaÅ¾dÃ½ drma svoju Ãºvahu inÃº alebo
651,Ah oui cest bien ce papillon auquel je pensais Cela
652,sÃ­ me consta y a la improvisaciÃ³n
653,Dobry den mamicky potrebujem od vas radu a pomoc kupovala
654,Â¿SÃ­ Â¿CuÃ¡les son tus mejores acuerdos recuerdos de las escuelas
655,Estoy aprendiendo las notificaciones push en Android y me ha
656,Wiesz co nie ale moÅ¼e Damian jakoÅ› pomoÅ¼e
657,Tu as juste perdu trop vite au dÃ©but donc forcÃ©ment
658,Ã  fuir chantilly cest un attrape touriste des prix Ã©levÃ©s
659,Jaimerais bien voir la Meute prendre ses distances de Rambo
660,Estoy tratando de crear un que me arroje una construcciÃ³n
661,El viaje aeropuertocasa en uber me sale 50 mÃƒÂ¡s barato
662,Nicht nÃ¤her UnglÃ¼ckliche Deine Arzeneien sind Gift
663,Câ€™est pas le coup Si elle vient pas on vient
664,DziÅ› proponujÄ™ tylko anielskÄ… cierpliwoÅ›Ä‡
665,Queen1697 v de rien ğŸ˜jespÃ¨re que Cyril va se calme
666,
667,Bonjour jaimerais allez au camping u farniente en septembre 2013
668,Wca1e nie gÅ‚upstwo Alkohol i tytoÅ„ zabijajÄ… osobowoÅ›Ä‡ Po cygarze
669,si tu as pas steam installe le prends toi une
670,Si vous Ãªtes vraiment de gauche faites comme moi Slip
671,Ahora ya lo he entendidoque tengas un buen dia
672,Pardon mon petit poussin DÃ©solÃ© que tâ€™aies chiÃ© sur moi
673,Sincï¿½rement ces imbï¿½ciles ne font que nuire ï¿½ leur propre
674,dderivery Sonia29739 fanfan7868 handiseniors56 DanielPilotte AlexiDelob mijeane4 RacheleL2 GiseleJppieteâ€¦ httpstcocAszkTJeoR
675,mena na matrike neuvadzas tam len predlozite obaja OP a
676,Â¬â€¿Â¬
677,Zaczniesz Wprowadzili karÄ™ Å›mierci
678,Nachtrag Falls du noch iTunes Guthaben auf deiner ID haben
679,Pour dÃ©buter entre lachat des chiens l enclos la piÃ¨ce
680,Â¿sÃ­
681,Goldeneye sur N64 ce multi offline jamais Ã©galÃ©
682,Me enlisto ya arranque a ayudar despues escribamos republica de
683,este chcem doplnit ze mozem byt rada ze vobec skolku
684,y Â¿son muchos los requisitos que quÃ© cumplir
685,Aca en capital te rompeen el orto con el precio
686,Seit der Zeit hat sich Vieles geÃ¤ndert
687,uraicopk already debated with you There are more people interested
688,bin da
689,nie nie su Ja si ich uz druje tehotenstvo nedavam
690,Ich will Kurt KrÃ¶mer Dann wÃ¤re die Sendung wenigstens lustig
691,Mais quâ€™estce quâ€™il a Il nâ€™a pas lâ€™air trÃ¨s en
692,sourit Je suis dÃ©solÃ©e CÂ´Ã©tait vraiment drÃ´le quand tu as
693,Si es de dÃƒÂ©bito es mÃƒÂ¡s fÃƒÂ¡cil papi OpciÃƒÂ³n 1
694,Por quÃ© esta mojando los alfajores de maizena en leche
695,Je tai
696,gracias excelente respuesta
697,tambiÃ©n
698,Aucune importance ChÃ¨re Madame
699,Jai dÃ©jÃ  consultÃ© mon mÃ©decin 2 orl un chirurgien maxilofaciale
700,PoÅ›pieszyli zapewne na przyjÄ™cie ksiÄ™cia durniu Ani mi gadaj Å¼e
701,Ei ei Graziano wo sind all die andern Es ist
702,Ce nest ni bien ni mal cest un choix
703,Mi suegra tiene un familiar que trabaja en el hospital
704,Was hat Katrin eigentlich zu Rosalie gemeint Habs nich gehÃ¶rt
705,Jâ€™en avais besoin pour acheter un marteau lâ€™autre nuit et
706,Ahoj Fuhh mÃ´Å¾em si vydÃ½chnuÅ¥ ze s tÃ½mto problÃ©mom nie
707,Cest partie pour les downvotes gratuit Surtout ne perdez pas
708,Dakujem za povzbudivÃ© slova
709,Ale keÄ ste v nemocnici na ocr vobec nemÃ´Å¾ete pÃ½tala
710,Câ€™est quand mÃªme incroyable que vous vous appeliez Socrateâ€¦ Câ€™est
711,Je suis daccord avec toi Myrtille Les choses arrivent quand
712,Faut que tu regardes Lord Of War tu me diras
713,Oh geh du bist eine artige Richterin Hast du schon
714,Autre trouvaille lumineuse du petit groupe dEric Ciotti la crÃ©ation
715,
716,Plage seinen Geist nicht O laÃŸ ihn seinen Weg gehen
717,Muchas Gracias Terrible
718,Nutella flavored mandingo warriorhttpfunnyjunkcomfunnypictures4380949Djangoe62bde4380505
719,lut demande a ton medecin traitant un avis Il tenverra
720,Hallo Ueli erstmals vielen Dank fÃ¼r deine Antwort Wie das
721,Merci beaucoup pour cette explication je savais mÃªme pas pourquoi
722,en la Arena
723,gerade gar nicht gelesen Ich habe ja ein wenig Probleme
724,Muchas gracias Muriano que harias para que no este revuelto
725,Ah oui Quels sont leur dÃ©fauts Javoue que pour atavik
726,Bonjour roelada et bienvenue sur nos forums de discussions Je
727,DÃ©solÃ© de vos ennuis Ã  la Seyne Cette ville est
728,Cest une gauloiserie de chez noushttpsyoutubeOPKoZIV8Q9U
729,Schmerzen MiÃŸ aber angenehme Schmerzen
730,Znamy wszystkie twoje gÅ‚Ä™bokie ciemne sekrety
731,Ã§a marrive de confondre shampoing et gel douche mais je
732,Stellen Sie sich deswegen zufrieden Sie haben nur eine sehr
733,Es todo muy divertido anda media prensa espaÃƒÂ±ola poniendo a
734,
735,Il y a des universalitÃ© loffre et la demande en
736,Une pizzeriacrÃ¨perie trÃ¨s sympa avec un bon rapport qualitÃ©prix au
737,War das jetzt ironisch gemeint
738,Buenas en primer lugar siento mucho lo ocurrido pero aquÃƒÂ­
739,Reyzark56 wASADEFT il a besoin de ton talent
740,Siempre lo he dicho y siempre lo dirÃƒÂ© Pemex fue
741,assurezvous dacheter seulement officielle
742,bonsoir tas rÃ©ellement pas compris que je cherche les version
743,esto se va a descontrolaaaaaaaaaaaaaaaaaaa
744,Non si on ne change rien Ã  son habitude alors
745,Queen1697 sinon pour cyril il va bien ğŸ˜¯ httpstconl1Zin3XMe
746,Wenn das kein autorisierter Reseller oder Partner von Apple ist
747,George Bridgewater aussi Mais cest vrai que cest pas le
748,Le gua gua
749,Merci Je tire ï¿½a de mes souvenirs de svt donc
750,Okay je matte Ã§a quand jaurai un peu de temps
751,Sondes anales Jai bien peur que Ã§a soit pas aussi
752,Genau das mit der Liste meinte ich Mein Bruder hat
753,y crear su secretaria especial para crear un puesto mas
754,good bot
755,Ce quâ€™on espÃ¨re Ma parole vous vous prenez pour un
756,Sur steam quel jeux gratuit multijoueur vos le coup avec
757,franceinter Raccourci racoleurQuand on respecte sa dÃ©ontologieon ne publie pas
758,no
759,Ein Bekannter von mir hat bei seinem AppleAccount eine Telefonnumer
760,Jak sobie przypomnÄ™ GÅ±nthera oj kurwa Å¼eby tak wszystko zapomnieÄ‡
761,Merci pour les infos jai vraiment hate dy Ãªtre
762,â€” Quâ€™estce qui peut aller bien aprÃ¨s notre dÃ©sastre â€”Ne
763,Je suis pas venue ici pour souffrir okhttpswwwyoutubecomwatchvin1yxtwBhFc
764,no tak to je skutoÄne dosÅ¥ skÃºs troÅ¡ku zmeniÅ¥ jedÃ¡lniÄek
765,Dire Ã  des mÃ¨res quil est dommage et malsain de
766,ahora mismo esta 13 OMFG THE RETURN OF ALESSANDRO
767,Porque hasta ahora todos habÃƒÂ­an utilizado una cÃƒÂ¡mara normal para
768,Alto crap estimado si quieren ayudar por favor no hagan
769,Ben le problï¿½me cest quils ont le mï¿½me niveau intellectuel
770,Je vous file un lien anglais pour creuser httpwwwcsmonitorcomUSA20160925Whymoreyoungmenarechoosingvideogamesoverajob Puisque
771,to je to cÃ­tim sa zle s takÃ½m bruchom denne
772,eÅ¡te jedna podstatnÃ¡ info dÃ¡ sa to kÃºpiÅ¥ objednaÅ¥ v
773,En mÃªme temps vu que cest fait pour faire jolie
774,Pourquoi le piercing migre til Et quest ce que Ã§a
775,dans ton dossier dinstallation supprime tout sauf laplication steamexe et
776,Ce film ma un peu dÃ©Ã§u les explications scientifiques manquaient
777,Kokso toto je tema ze by si jeden cvrkol Tak
778,Ich bin mal gespannt ob man in den Liveshows wie
779,Lo levantÃ³ La NaciÃ³n httpwwwlanacioncomar1976522debuenhumorenplenodesastreamigoshicieronunasadobajoelagua
780,Il faut le temps que le poison agisse
781,no ale my sme mali vysoke manko a malo predavaciekja
782,Que estupidez esperar algo asiningun presidente en el mundo viajarÃƒÂ­a
783,On change le costume cravate pour un vieux jean et
784,Les riches et les puissants de toute lhistoire moderne de
785,Au passage la meuf dhier avec sa chienne on est
786,Estuvo genial la puta madre Los felicito a todos
787,De continuer Ã  suivre les conseils de votre mÃ©decin Bonne
788,Tes messages sont des arguments en euxmÃªmes et assez fallacieux
789,Quel est lintÃ©rÃªt dacheter une saladesandwichlasagne au poulet Ã  monoprix
790,Non Maintenant peutÃªtre
791,Â¿Y entonces tus padres te enseÃ±aron espaÃ±ol cuando eras niÃ±a
792,Il devait bien lui rester quelques connaissancesâ€¦
793,Przybite Wobec tego iÅ¼ Å¼egnam SÅ‚uga Å‚askawego dobrodzieja pa do
794,On a rompu ce matin
795,Uno en El Paso Texas Uno en Miami Una hermana
796,Boujour Ã  tous Soucieux de lÃ©tat actuel et avenir de
797,Les religions dans leur ensemble doivent rester du domaine privÃ©
798,In einem Interview bei DWDL meinte die Produzentin von Grundy
799,Hola LuistechEs posible que sea algÃƒÂºn tipo de problema de
800,Oui des moules Câ€™est ce qui me fait penser Ã 
801,Zeitzonen stimmen jetz auf mac und handy Ã¼berein aber leider
802,moj mal 2 tyzdne dovolenku Prvy tyzden bol s mnou
803,SÃ­ pues como en todo si tenÃ­as si tenÃ­a un
804,Ja eine Ã¤ltere Version von OS X kÃ¶nnte das Problem
805,Mesurer le sexe de lhomme quon aime peutÃªtre pas mais
806,sÃ­ igual acÃ¡ mismo en Paraguay hay unos cuantos que
807,Quoi
808,Ich schwÃ¶ren Ich bin zu alt zum SchwÃ¶ren
809,Beim Gestalten des Albums hatte ich einen Absturz die danach
810,Petite histoire amusante au niveau des retours utilisateurs jai justement
811,y Â¿quÃ© forma utilizas para dirigirte a Ã©l
812,muchos muchos muchos de todos este
813,Queen1697 TrÃ¨s bien ğŸ˜ a plus tard ğŸ‘‹ httpstcoCEb5NRKyO2
814,Å¾eny trochu empatie Ã¡no aj mne sa takÃ© slovÃ¡ ÄÃ­tajÃº
815,Me referÃ­a a la clase de C
816,No hace falta cuenta de GSuite para probarlo Cabe destacar
817,Ben tu naurai pas dit style mangas il y aurai
818,Cest comme les Chinois Pourquoi on part du principe que
819,Je ramÃ¨ne quelques souvenirs Câ€™est toujours Ã§a que les termites
820,Ganz ganz kranke kranke Menschen Schicksal Wurde durch DSDS zum
821,grazielle garÃ§on emy fille
822,en quoi Ã§a se diffÃ©rencie du programme de Macron Il
823,genial
824,ich hab webmail uff danke fcfan hab ich von deinem
825,Et oui cest la fille du patron Il fait tout
826,Bonjour Combien de nuits avezvous essayÃ© lappareillage Ladaptation est parfois
827,You have to apply bug spray right after you get
828,Ricardo sieht man jedes mal mit mÃ¤dels das letzte mal
829,jamais je lai achetÃ© vu sa rÃ©putation
830,Ma vie est une constante remise en question le travail
831,Â¿Existe alguna manera en Java de que declarando dos intervalos
832,Hola egchr8La forma de que un entrenamiento hecho con la
833,bonjour tout lmonde jaimrai bienn que vous maider a arreter
834,Sorgen Sie nicht bei Ihrem Sohne ist alles nur ein
835,Â¿Las Filipinas no vienen a ser parte de Asia Tengo
836,cherche un patch sur google ca doit bien se trouver
837,Hola Andrea1Gracias por visitar las Comunidades de soporte de Apple
838,Trupio blady i ma na gÅ‚owie kapelusz
839,Non mais de rÃ©installer le jeux marche pas c chiant
840,Ya no entra nadie a los post del troll center
841,Czy Istvan wrÃ³ciÅ‚
842,beaucoup plus grandes misÃ¨res que le lÃ¢che cour de mes
843,EXITO
844,Tas pas compris mon grand si tu vote pas Manu
845,Definitivamente la corrupciÃƒÂ³n y la apatÃƒÂ­a ya estÃƒÂ¡n muy clavadas
846,nie je to nicpodkozny tukma to kde ktoaj v nasej
847,Le jeu encore du monde sur one Le jeu et
848,Câ€™est marquÃ© au dos de lâ€™enveloppe non
849,Jï¿½ai 24 ans et jï¿½en connais pas un seul suisje
850,Bonjour oceanidesR et bienvenue sur les forums de Tripadvisor Effectivement
851,ah se llenÃ³
852,Bonjour Et pourquoi regardestu la tÃ©lÃ© et la publicitÃ© si
853,Bei mir war es genauso ein ebook aus der onleihe
854,ni se que es una base de datos ni para
855,Al utilizar la funcion me sale este error La estoy
856,Jâ€™ai toujours rÃªvÃ© de faire Ã§aâ€¦ Il faudra que jâ€™en
857,rcommedisaitlajeunemariee
858,
859,Moi je ne sais pas si tu as raison ou
860,no tvaroh sa od roka odporuca aj koli vysokemu obsahu
861,Bonsoir Ã  tous Je voulais savoir si tout au long
862,Tes vachement malin pour un socialiste quand mÃªme
863,Ya une diffÃ©rence entre se veut et est Cest bien
864,Bitcoin A decentralized peertopeer digital cryptocurrency that is much less
865,Daher plÃ¤diere ich dringend dafÃ¼r den RamschkÃ¶nig Walzer oder wie
866,Wow une version franÃ§aise passable de thats what she said
867,Bonjour Jusemma Je suis dÃ©solÃ©e je nai pas trouvÃ© davis
868,Una pregunta adicional mi funciÃ³n void de impresiÃ³n me arroja
869,In der originalsprachigen Version warst du noch nicht oder
870,Cest du 15 degrÃ© jai limpression
871,Halo czy mogÄ™ prosiÄ‡ Zbyszka To ty Zbyszku PamiÄ™tasz byliÅ›my
872,chrisFanzouze75 Attention je vais retirer le bout de lame ğŸ˜¯
873,sÃ­ por una situaciÃ³n fortuita pasÃ© a vivir a a
874,Haha o pero no estoy en Mexico
875,Je nâ€™ai pas dit que Marcel Rideau nâ€™Ã©tait pas portÃ©
876,Populaire
877,Well ok then ok then Whatever you say say
878,osea que es donde la tierra se tira sus gasesitos
879,Je tai report pour insulte
880,Oui coco mais je pense que 1 les tumeurs se
881,Heiraten Des Heiratens wegen zu mir zu mir
882,Jai lu que le multi Ã©tait fade et se dÃ©peuplait
883,El manga esta mejor estructurado es mas simple y a
884,gueule nom fÃ©minin 1 Bouche Â« Calmes posÃ©s les miens
885,Dass er jedesmal frÃ¼h weiterkommt bedeutet aber leider nicht dass
886,Les CorÃ©ens ne les aiment pas pour les mÃªmes raisons
887,Â¿y cÃ³mo le gusta y cree usted que cÃ³mo serÃ­a
888,Son armer Weihnachtsmann ist damit glatt erschlagen RIP
889,peutÃªtre une anÃ©mie passagÃ¨re oui mieux vaut consulter et faire
890,Bueno para mostrar las aplicaciones instaladas en un dispositivo puedes
891,Oui De quel type Et de la contradiction apparente entre
892,On fait ce quon aurait du faire depuis au moins
893,Jakby ci powiedzieÄ‡ ByÅ‚y teÅ¼ inne powody Wiadomo czÅ‚owiek mÅ‚ody
894,CÃ³Å¼ mÃ³wi Wasza KrÃ³lewska MoÅ›Ä‡ na sprawiedliwe Moje Å¼Ä…danie
895,Bonsoir Ã  tous VoilÃ  jai une question qui me taraude
896,Pour savoir il faudra impÃ©rativement consulter un mÃ©decin mril232
897,Lo mejor lo mejor y una vez mas lo mejor
898,Mais sur quelle planï¿½te tu vies Depuis le dï¿½but des
899,robievam oÄistnÃ© kÃºry pravidelne aj keÄ na bÃ¡ze ovocia mÃ¡lokedy
900,La pregunta no es clara Â¿dÃ³nde pretendes colocar tu cÃ³digo
901,Toto sa neda pocitat na pocet zvierat ide skor o
902,Bonjour ElleM29 Je suis contente de voir que notre rÃ©gion
903,
904,Je ten prie
905,Nun habe ich diesen Weg beschritten Das Foto habe ich
906,Gleich kommt ein Offizieller und sagt
907,Die Sache ist schlichtweg einfach Es gibt gar keinen deutschen
908,nie o to Å¾e nieÄo vyteÄie to je najmenej vyperieÅ¡
909,Mi mac siempre da error de conexiÃƒÂ³n a icloud appstore
910,Bonjour Je voudrais savoir sil existe des mÃ©dicaments qui permettent
911,Je devrais jâ€™ai horreur de faire Ã§a mais câ€™est moi
912,Â¿y tÃº crees que eso que te ha pasado por
913,Pero no sigue conquistando a Mexico verdad No se les
914,Bonne initiative Les avancÃ©es visÃ vis de la viande se feront
915,Disclaimer Cest une Ã©tude dun think tank amÃ©ricain dont le
916,Pero a esa la sacaron al toque Esta estÃ¡ desde
917,Croque Canards Yavait mÃªme une sÃ©rie TV jen avais vu
918,Jiji Enciende la radio mis manos estÃƒÂ¡n ocupadas RÃƒÂ¡pido
919,Bonjour je suis en 3Ã¨me annÃ©e de bacheliÃ¨re infirmiÃ¨re Ã 
920,Par contre les cons comme Valls
921,Dumbie Voir le profil de Dumbie PostÃ© le 14 novembre
922,Peu importe
923,mistergeek3112 CookixInk XD ce que jai cru comprendre bah voilÃ 
924,hallo zusammen Ich hoffe Ihr kÃ¶nnt mir helfen Leider klappt
925,Ahoj protizapalovo posobia brusnice cranberry Mala by si si jest
926,jai le mÃªme problÃ¨me que toi et je pense pas
927,En fait on sest aperÃ§u aprÃ¨s avoir dÃ©crit la forme
928,bonsoir si besoin dadresse en Normandie dites le nous Ã 
929,Okay danke ich melde mich dann wieder Liebe GrÃ¼ÃŸe
930,IntÃ©ressant et jâ€™interprÃ¨te que lauteur laisse entendre que si le
931,SÃ­ para distraerme
932,
933,Estoy intentando adaptar mi APP a cualquier mÃ³vilTengo algo claro
934,Lâ€™hotel Beau rivage Ã  Dinard trÃ¨s dÃ©cevant Accueil inexistant le
935,Elle ne disparaitront pas completement mais hydrate bien ta peau
936,Ehm o sea cuando me vine para vivir aquÃ­ a
937,kotz
938,Ale przecieÅ¼ telegram przyszedÅ‚ wÅ‚aÅ›nie z WÅ‚adywostoku No i jeszcze
939,Zur Sache â€“ Ich soll dich mit dem Herolde des
940,De acuerdo ya la cambie ahora me imprime Warning mysqlierror
941,Elles feront ca ensemble
942,lIran qui au contraire est trÃ¨s modÃ©rÃ©e ModÃ©rÃ© Ã§a le
943,Es el precio de ser hermoso
944,PerdÃƒÂ³n por la ortografÃƒÂ­a
945,Au bÃ»cher et puis aprÃ¨s Ã  la guillotine Le petitdÃ©jeuner
946,No entiendo cual es tu problema La clase parece que
947,Perso jai mes licence coup de coeur et je passe
948,Wiesz o jakim
949,rock and roll on svoit le 28 octobre au mino
950,Erstmal danke fÃ¼r das Engagement Ja der Acc ist aktiviert
951,Oui pareil mais cest bcp plus supportable
952,Bonsoir je disais aleatoire dans le sens de chaque individu
953,Je sais pas si on en est la avec 10
954,Como te quierooooooooo leelo imaginandotelo a Francela
955,Et pourquoi pas Sinon je ne dis pas de dÃ©tester
956,Vaya Bori
957,La ultima parece sacada de pintura picasso
958,mediante la exageraciÃƒÂ³n un paÃƒÂ­s que odia a las mujeres
959,MathildeThs LaPlumeytb aureliiiie Ouais câ€™est pareil pour mon casque ğŸ˜’
960,volaste bajo yo pensÃƒÂ© que habÃƒÂ­a buscado a la gata
961,SÃƒÂ­ estÃƒÂ¡ cabrona la presiÃƒÂ³n social Mi novÃƒÂ­a terminÃƒÂ³ desertando
962,O to siÄ™ nie obawiam â€“ Moja przyjaciÃ³ka ma zbyt
963,yo hice un post donde mostraba que me habia comprado
964,Es solo Cinemex y especÃƒÂ­ficamente en Leon en un post
965,arnaudpourrat Nabildjellit Nous on bas le Luxembourg ğŸ˜…
966,Ils ne nous ont pas laissÃ© le choix On a
967,no viene
968,Jai goï¿½tï¿½ la Weizen de Vrooden vendredi soir Elle ï¿½tait
969,Cest la mÃªme chose en Belgique je suis donc surpris
970,Cest super jolie je naurai jamais pensÃ© a sa pour
971,No olviden unirse a mi Facebook httpgooglocxs6l desde ahÃƒÂ­ pueden
972,Oups en sport audinette je voudrai me mettre au cardio
973,oui oui blablabla cest bon il a perdu remets toi
974,COTE 780 qui passe Abonne toi cest gratuit â¡ï¸Real Madrid
975,Ja bei mir geht das mache bitte mal folgendes nimm
976,slt dans le spermogramme de mon mari il est mentionnÃ©
977,No mne doktor v nemocnici povedal ze sa mozeme pokusat
978,Je veux un nouveau Fardoche interprï¿½tï¿½ par Boucar Diouf
979,DokÄ…d idziesz
980,Je veux pas dautographe merci
981,SÃ­
982,fvckushx jai mis un doigt dessus jai brille comme jaja
983,y ahora pos andas en busca de
984,So bin parat wie kommst du darauf das etwas mit
985,Comme pour beaucoup de problï¿½mes quon assigne ï¿½ des questions
986,Hi Im a bot for linking direct images of albums
987,Wir mÃ¼ssen umziehen Die Wasser sind von den entsetzlichen Regen
988,Es ist nicht zu verwundern MiÃŸ daÃŸ Sie wider sie
989,ajÃ¡ eso sÃ­ es bonito y y yo pero no
990,te quedas con la que no te mire con asco
991,Crois moi mon coco je me fous de ce que
992,El mejor alfajor lejos un sabor incomparable primero lo mordes
993,Abuela Me avergÃƒÂ¼enzas con tu impertinencia
994,Se me chongue el neg Jajajajajaaaaaaa No lo habÃƒÂ­a visto
995,Oui Quand on fait la somme de leurs idÃ©es ils
996,Merci upvote rendu tiens Í¡â†‘ ÍœÊ– Í¡â†‘
997,La frase no es mÃ­a
998,Du mÃ¼sste bitte unterscheiden zwischen der eMail Adresse und der